alpha,y_num,data_type,shape,dLx,dLy,iP,q_infc,n_points,d_perc,n_contours_total,n_contours_failed,Fx_bernoulli,Fz_bernoulli,C_l_bernoulli,C_d_bernoulli,vort_abs_mean,vort_abs_max,vort_rel_mean,vort_rel_max,n_valid_segments,valid_fraction,Fx_bernoulli_std,Fz_bernoulli_std,C_l_bernoulli_std,C_d_bernoulli_std,vort_abs_mean_std,vort_abs_max_std,vort_rel_mean_std,vort_rel_max_std,n_valid_segments_std,valid_fraction_std,n_contours_used
6,1,CFD,ellipse,0.6,0.37,360,53.7768612,1,5.0,1,0,-1.4010604128640665,40.656949741428704,0.7560305461157838,-0.02605322031818522,9.342932010978226,223.63202668510215,0.2481153372619323,5.938878251318239,359,1.0,0.0,0.0,0.0,0.0,0.0,0.0,0.0,0.0,0.0,0.0,1
6,1,CFD,rectangle,0.6,0.37,360,53.7768612,1,5.0,1,0,-1.5508835156012082,38.925986568351625,0.7238426657811636,-0.028839234588894307,7.299303506851094,216.5887406330595,0.19384376866400221,5.7518334037070815,356,1.0,0.0,0.0,0.0,0.0,0.0,0.0,0.0,0.0,0.0,0.0,1
6,1,PIV,ellipse,0.6,0.37,360,53.7768612,1,5.0,1,0,2.1419255379720794,37.870687544418004,0.7042190023618933,0.03982987274036141,20.045452145558595,396.8601285522339,0.5323365420854058,10.539205950107476,359,1.0,0.0,0.0,0.0,0.0,0.0,0.0,0.0,0.0,0.0,0.0,1
6,1,PIV,rectangle,0.6,0.37,360,53.7768612,1,5.0,1,0,3.3440398221231757,34.358370695697104,0.6389062122446281,0.06218361852110431,20.390374895044335,530.5796376693328,0.5414964743440809,14.090324706414814,356,1.0,0.0,0.0,0.0,0.0,0.0,0.0,0.0,0.0,0.0,0.0,1
6,2,CFD,ellipse,0.67,0.39,360,53.7768612,1,5.0,1,0,-3.848303665429361,37.88641586626045,0.7045114761413492,-0.07156058534389435,4.867638025856165,125.9625091174916,0.12629541819984635,3.2682150320118413,359,1.0,0.0,0.0,0.0,0.0,0.0,0.0,0.0,0.0,0.0,0.0,1
6,2,CFD,rectangle,0.67,0.39,360,53.7768612,1,5.0,1,0,-4.278350573468679,37.04856362295616,0.6889313135099109,-0.07955746166659276,3.916452464519155,125.18544902464546,0.10161601976951964,3.248053481610781,356,1.0,0.0,0.0,0.0,0.0,0.0,0.0,0.0,0.0,0.0,0.0,1
6,2,PIV,ellipse,0.67,0.39,360,53.7768612,1,5.0,1,0,-1.2998460251760888,35.8781299085761,0.6671666792738752,-0.024171102518272095,13.798707105353435,356.1181735420232,0.3580203530399693,9.239818864333996,359,1.0,0.0,0.0,0.0,0.0,0.0,0.0,0.0,0.0,0.0,0.0,1
6,2,PIV,rectangle,0.67,0.39,360,53.7768612,1,5.0,1,0,0.05025683159713026,33.659270097833534,0.6259061861690346,0.0009345437884561819,6.533246011729109,179.4676389716533,0.169511174181584,4.656455635539436,356,1.0,0.0,0.0,0.0,0.0,0.0,0.0,0.0,0.0,0.0,0.0,1
6,3,CFD,ellipse,0.67,0.43,360,53.7768612,1,5.0,1,0,-2.4473378446860123,35.895098972293475,0.667482225093001,-0.04550912400008226,7.162315646559012,128.06836061218272,0.18345965936526654,3.280416414580532,359,1.0,0.0,0.0,0.0,0.0,0.0,0.0,0.0,0.0,0.0,0.0,1
6,3,CFD,rectangle,0.67,0.43,360,53.7768612,1,5.0,1,0,-2.6965383849375484,34.446831997308784,0.6405511818400584,-0.05014309732412476,5.422659574877871,118.23802961253267,0.13889911134241137,3.028616680299056,356,1.0,0.0,0.0,0.0,0.0,0.0,0.0,0.0,0.0,0.0,0.0,1
6,3,PIV,ellipse,0.67,0.43,360,53.7768612,1,5.0,1,0,-2.5874912371481456,31.266983270198676,0.5814207555534809,-0.04811532654397735,13.469959824221428,263.75302363015214,0.34502727371457353,6.755921165662931,359,1.0,0.0,0.0,0.0,0.0,0.0,0.0,0.0,0.0,0.0,0.0,1
6,3,PIV,rectangle,0.67,0.43,360,53.7768612,1,5.0,1,0,-0.5210726930132636,32.02612265091436,0.5955372243055784,-0.009689533404996564,5.788404912715639,103.5754906726248,0.14826752211978164,2.65304200136993,356,1.0,0.0,0.0,0.0,0.0,0.0,0.0,0.0,0.0,0.0,0.0,1
6,4,CFD,ellipse,0.65,0.42,360,53.7768612,1,5.0,1,0,-3.428614331991105,35.43082861151611,0.658848951405816,-0.06375631183158575,6.375448391968258,120.26565919621866,0.1625175920326013,3.0657114817847058,359,1.0,0.0,0.0,0.0,0.0,0.0,0.0,0.0,0.0,0.0,0.0,1
6,4,CFD,rectangle,0.65,0.42,360,53.7768612,1,5.0,1,0,-3.611788455455274,34.317824860212305,0.6381522479079219,-0.06716250028098096,4.996226959373208,122.1545150359583,0.12735963414096782,3.113860613249392,356,1.0,0.0,0.0,0.0,0.0,0.0,0.0,0.0,0.0,0.0,0.0,1
6,4,PIV,ellipse,0.65,0.42,360,53.7768612,1,5.0,1,0,-3.330269046873218,30.145172707988944,0.5605602862516815,-0.06192754602184216,17.31337962508527,382.6851802396633,0.44133817633280087,9.755090179611908,359,1.0,0.0,0.0,0.0,0.0,0.0,0.0,0.0,0.0,0.0,0.0,1
6,4,PIV,rectangle,0.65,0.42,360,53.7768612,1,5.0,1,0,-1.3494434167738234,29.99973164603648,0.5578557575992643,-0.025093383783689915,6.063376403975267,119.12315605765673,0.1545625142229619,3.036587748432446,356,1.0,0.0,0.0,0.0,0.0,0.0,0.0,0.0,0.0,0.0,0.0,1
16,1,CFD,ellipse,0.6,0.44,360,53.7768612,1,5.0,1,0,-19.192516425649334,34.72056649908361,0.6456413729681124,-0.3568917188058074,35.02573830687934,473.6231689523803,0.9301601320279373,12.577761687830273,359,1.0,0.0,0.0,0.0,0.0,0.0,0.0,0.0,0.0,0.0,0.0,1
16,1,CFD,rectangle,0.6,0.44,360,53.7768612,1,5.0,1,0,-16.570053676553577,37.19544373515002,0.691662601817118,-0.3081260844683434,27.21518673956197,462.72154682702296,0.72273941719778,12.288253036032648,356,1.0,0.0,0.0,0.0,0.0,0.0,0.0,0.0,0.0,0.0,0.0,1
16,1,PIV,ellipse,0.6,0.44,360,53.7768612,1,5.0,1,0,-13.236280116641904,37.895758774159276,0.7046852108608986,-0.24613337077103162,46.03953367909592,563.2158780362973,1.2226477098140573,14.957028196935353,359,1.0,0.0,0.0,0.0,0.0,0.0,0.0,0.0,0.0,0.0,0.0,1
16,1,PIV,rectangle,0.6,0.44,360,53.7768612,1,5.0,1,0,-8.05690245530712,41.33900593387173,0.7687136253662892,-0.1498209876054856,23.237669586931545,454.0709136009682,0.617110583697718,12.0585227139143,356,1.0,0.0,0.0,0.0,0.0,0.0,0.0,0.0,0.0,0.0,0.0,1
